Email,Quiz 1,Quiz 2,Quiz 3,Quiz 4,Quiz 5
richard.bennett@univ.edu,10,6,9,8,10
timothy.parker@univ.edu,9,14,13,14,10
carol.reyes@univ.edu,5,15,8,14,6
brooke.powers@univ.edu,6,10,17,10,8
michael.taylor@univ.edu,5,15,13,12,5
belinda.bailey@univ.edu,6,10,9,14,4
marcia.stevens@univ.edu,7,15,17,10,12
katelyn.faulkner@univ.edu,6,12,17,14,6
william.daniel@univ.edu,9,10,10,9,5
dylan.johnson@univ.edu,6,9,15,5,10
sandra.thomas@univ.edu,9,10,14,8,4
richard.saunders@univ.edu,10,8,15,12,12
tiffany.ortega@univ.edu,7,8,15,14,12
billy.schwartz@univ.edu,11,12,11,10,9
sara.vasquez@univ.edu,5,7,8,6,5
ashley.martin@univ.edu,5,7,8,13,11
oscar.rush@univ.edu,5,14,7,5,5
jill.walsh@univ.edu,6,13,6,9,4
taylor.hernandez@univ.edu,11,12,14,5,9
adam.cooper@univ.edu,4,10,16,7,12
troy.raymond@univ.edu,7,7,14,7,5
travis.washington@univ.edu,11,13,10,9,8
paige.king@univ.edu,8,13,17,14,9
anthony.miller@univ.edu,9,8,13,7,12
james.underwood@univ.edu,5,13,8,9,9
scott.cervantes@univ.edu,4,8,9,12,9
thomas.terry@univ.edu,8,14,13,8,9
heidi.glover@univ.edu,4,14,10,7,9
douglas.payne@univ.edu,8,7,7,12,5
danielle.lee@univ.edu,7,14,10,5,7
lori.gordon@univ.edu,9,15,12,7,7
amy.dunn@univ.edu,10,12,6,13,6
leslie.sparks@univ.edu,7,9,16,8,8
nicole.patterson@univ.edu,6,14,10,13,10
aaron.lester@univ.edu,6,9,10,8,8
amber.daniels@univ.edu,7,15,16,5,6
linda.friedman@univ.edu,10,9,8,5,8
kelsey.brown@univ.edu,10,15,9,14,4
david.beck@univ.edu,4,7,7,12,7
sarah.jones@univ.edu,9,15,15,14,12
alexander.rodriguez@univ.edu,11,13,16,11,7
stephen.miller@univ.edu,8,10,7,13,4
erin.duffy@univ.edu,9,12,14,5,10
kimberly.rhodes@univ.edu,9,13,16,12,6
heather.webb@univ.edu,5,11,16,9,4
michelle.lee@univ.edu,9,13,16,10,10
benjamin.graham@univ.edu,7,15,6,6,7
stacy.johnson@univ.edu,6,14,11,7,7
lauren.anderson@univ.edu,8,6,11,11,6
april.greer@univ.edu,8,11,13,13,12
john.rodriguez@univ.edu,6,12,12,11,7
lauren.brock@univ.edu,7,14,11,12,7
jason.reyes@univ.edu,9,13,13,6,4
matthew.gonzalez@univ.edu,7,6,16,11,12
amy.adams@univ.edu,9,11,12,8,10
angela.warren@univ.edu,8,14,10,5,10
kerry.smith@univ.edu,4,13,16,5,5
robert.johnston@univ.edu,9,12,13,10,5
matthew.smith@univ.edu,8,14,7,7,8
nathan.bates@univ.edu,6,12,6,11,10
robert.douglas@univ.edu,8,9,13,10,8
samantha.smith@univ.edu,6,7,17,5,6
tommy.foster@univ.edu,9,9,7,10,9
amy.white@univ.edu,7,14,15,11,4
traci.joyce@univ.edu,8,6,14,9,4
mark.patrick@univ.edu,10,11,10,8,4
daisy.anderson@univ.edu,9,6,10,6,7
brett.hunt@univ.edu,4,11,16,7,12
emily.dudley@univ.edu,5,9,8,9,9
carol.watkins@univ.edu,6,6,11,5,5
alec.curry@univ.edu,9,9,9,12,11
tara.johnson@univ.edu,6,6,10,14,12
levi.wilkerson@univ.edu,11,13,8,14,12
kimberly.williams@univ.edu,6,6,11,11,9
margaret.james@univ.edu,8,11,9,7,11
tammy.leon@univ.edu,4,14,17,6,4
lucas.baldwin@univ.edu,7,10,9,12,11
crystal.holt@univ.edu,9,9,14,14,9
michelle.scott@univ.edu,7,15,12,14,7
brian.myers@univ.edu,9,10,15,8,7
ricardo.price@univ.edu,10,12,8,14,12
crystal.smith@univ.edu,6,14,8,14,5
jorge.miller@univ.edu,10,10,6,14,11
bradley.bryan@univ.edu,10,12,8,10,8
andrea.smith@univ.edu,5,10,7,12,12
kristin.petersen@univ.edu,8,8,7,5,5
colleen.hart@univ.edu,6,6,17,9,7
joyce.walls@univ.edu,10,6,9,7,12
sherry.good@univ.edu,6,12,7,7,9
cynthia.guzman@univ.edu,6,15,14,10,7
jonathan.pena@univ.edu,9,8,13,10,5
lorraine.carter@univ.edu,5,13,14,12,10
russell.flores@univ.edu,7,8,13,9,12
victoria.boyd@univ.edu,9,8,6,6,8
kimberly.moore@univ.edu,6,14,17,8,4
paul.johnson@univ.edu,10,14,9,11,10
jamie.johnson@univ.edu,5,14,16,9,6
bailey.reyes@univ.edu,10,15,17,6,7
jessica.garza@univ.edu,8,8,16,11,10
cindy.nguyen@univ.edu,7,10,6,10,10
felicia.simpson@univ.edu,11,7,13,9,12
rachel.dennis@univ.edu,7,6,7,6,11
desiree.garcia@univ.edu,8,10,6,10,6
rhonda.rice@univ.edu,8,9,14,6,9
jill.clark@univ.edu,9,6,14,11,4
john.harris@univ.edu,9,14,12,6,12
amy.terry@univ.edu,4,12,9,5,7
cameron.dennis@univ.edu,4,6,13,5,4
desiree.delgado@univ.edu,4,7,9,8,4
melissa.poole@univ.edu,9,7,17,12,5
john.odom@univ.edu,11,15,8,9,6
nicole.mann@univ.edu,11,8,12,11,9
laura.reid@univ.edu,4,13,10,8,12
steven.roberts@univ.edu,8,14,8,9,8
ashlee.foster@univ.edu,5,12,17,14,12
john.g.2.flower@univ.edu,8,8,8,13,5
christina.allen@univ.edu,10,12,14,14,8
mark.lopez@univ.edu,4,15,15,7,9
nicole.edwards@univ.edu,10,12,9,12,10
daniel.jones@univ.edu,8,8,11,7,10
brandon.thomas@univ.edu,7,10,13,8,4
kimberly.mccall@univ.edu,11,15,10,12,4
emily.houston@univ.edu,8,9,17,5,11
stephanie.sampson@univ.edu,10,10,6,12,4
brandy.reilly@univ.edu,5,13,6,14,10
brett.miranda@univ.edu,11,9,15,11,8
shawn.marshall@univ.edu,8,9,15,11,6
woody.barrera_jr@univ.edu,4,10,11,7,10
malaika.lambert@univ.edu,8,10,10,13,6
timothy.edwards@univ.edu,6,14,6,5,7
joseph.young@univ.edu,8,14,12,11,10
beth.sanders@univ.edu,4,12,9,10,9
michele.jones@univ.edu,7,6,12,6,6
holly.watson@univ.edu,11,12,10,6,5
michael.benton@univ.edu,7,6,17,10,4
charles.campbell@univ.edu,5,15,14,14,8
samuel.weber@univ.edu,6,12,14,5,6
john.woodard@univ.edu,11,14,11,13,8
john.bauer@univ.edu,4,7,13,9,8
sherry.rogers@univ.edu,4,12,17,9,11
tamara.warren@univ.edu,10,14,16,7,11
courtney.wolf@univ.edu,10,15,9,7,9
brandon.flores@univ.edu,7,15,11,13,7
patricia.evans@univ.edu,9,9,8,12,4
luke.davidson@univ.edu,7,14,14,8,5
jeffrey.perez@univ.edu,4,7,12,12,9
angela.dunlap@univ.edu,6,11,11,11,6
richard.elliott@univ.edu,6,13,17,11,12
donna.nguyen@univ.edu,7,12,14,9,4
timothy.ramirez@univ.edu,4,8,13,6,4
